brandname,category
NEXA Mortgage,Financial Services
Stewart Title,Financial Services
Advance Financial,Financial Services
Transamerica,Financial Services
TIAA,Financial Services
T. Rowe Price,Financial Services
Check City,Financial Services
Evergreen Home Loans,Financial Services
Thrive Mortgage,Financial Services
Northwestern Mutual,Financial Services
Prime Lending,Financial Services
NRL Mortgage,Financial Services
John Hancock,Financial Services
Network Funding,Financial Services
Vanguard,Financial Services
Scotiabank,Financial Services
H&R Block,Financial Services
HomeVestors,Financial Services
Jackson Hewitt,Financial Services
Liberty Tax Service,Financial Services
Coinstar,Financial Services
TitleMax Title Loans,Financial Services
Magnolia Capital,Financial Services
BDC,Financial Services
Gold Financial Services,Financial Services
Charles Schwab,Financial Services
Heights Finance,Financial Services
Community Choice Financial,Financial Services
AmCap,Financial Services
HoneyBadger,Financial Services
Fidelity Investments,Financial Services
Fidelity National Financial,Financial Services
Virtu Investments,Financial Services
Ace Cash Express,Financial Services
Edward Jones,Financial Services
Morgan Stanley Financial Advisors,Financial Services
Localcoin,Financial Services
Covington Credit,Financial Services
Lincoln Financial Group,Financial Services
Morgan Stanley,Financial Services
Movement Mortgage,Financial Services
Exeter Finance,Financial Services
Fairway Independent Mortgage Company,Financial Services
OneMain Financial,Financial Services
Advance America,Financial Services
Speedycash,Financial Services
RBC Wealth Management,Financial Services
Bitcoin Well,Financial Services
Bitcoin Depot,Financial Services
PGIM Real Estate,Financial Services
CASH 1 Loans,Financial Services
Ameriprise Financial,Financial Services
BMO Harris Bank,Financial Services - Banks & Credit Unions
aZions Bancorporation,Financial Services - Banks & Credit Unions
New York Community Bank,Financial Services - Banks & Credit Unions
Members 1st Federal Credit Union,Financial Services - Banks & Credit Unions
SchoolsFirst Federal Credit Union,Financial Services - Banks & Credit Unions
Navy Federal Credit Union,Financial Services - Banks & Credit Unions
First Security Bank,Financial Services - Banks & Credit Unions
Cornerstone Bank,Financial Services - Banks & Credit Unions
Zions Bank,Financial Services - Banks & Credit Unions
Academy Bank,Financial Services - Banks & Credit Unions
Huntington Bank,Financial Services - Banks & Credit Unions
Comerica Bank,Financial Services - Banks & Credit Unions
Tri Counties Bank,Financial Services - Banks & Credit Unions
Fifth Third Bank ,Financial Services - Banks & Credit Unions
National Bank,Financial Services - Banks & Credit Unions
J.P. Morgan,Financial Services - Banks & Credit Unions
Commerce Bank,Financial Services - Banks & Credit Unions
CIBC,Financial Services - Banks & Credit Unions
Desjardins,Financial Services - Banks & Credit Unions
TD Canada Trust,Financial Services - Banks & Credit Unions
BMO Bank of Montreal,Financial Services - Banks & Credit Unions
U.S. Bank,Financial Services - Banks & Credit Unions
RBC Royal Bank,Financial Services - Banks & Credit Unions
Wells Fargo,Financial Services - Banks & Credit Unions
First Horizon Bank,Financial Services - Banks & Credit Unions
Centennial Bank,Financial Services - Banks & Credit Unions
Alterna Savings,Financial Services - Banks & Credit Unions
United Bank,Financial Services - Banks & Credit Unions
Cardinal Financial Company,Financial Services - Banks & Credit Unions
Umpqua Bank,Financial Services - Banks & Credit Unions
Chase Bank,Financial Services - Banks & Credit Unions
Citi,Financial Services - Banks & Credit Unions
Prosperity Bank,Financial Services - Banks & Credit Unions
Meridian Credit Union,Financial Services - Banks & Credit Unions
FirstOntario Credit Union,Financial Services - Banks & Credit Unions
Nicolet National Bank,Financial Services - Banks & Credit Unions
American Savings Bank,Financial Services - Banks & Credit Unions
First Financial Bank,Financial Services - Banks & Credit Unions
Hancock Whitney Bank,Financial Services - Banks & Credit Unions
Wells Fargo Bank,Financial Services - Banks & Credit Unions
Citizens,Financial Services - Banks & Credit Unions
Bank of America,Financial Services - Banks & Credit Unions
PNC Bank,Financial Services - Banks & Credit Unions
Santander Bank,Financial Services - Banks & Credit Unions
Prudential Bank,Financial Services - Banks & Credit Unions
United Savings Bank,Financial Services - Banks & Credit Unions
Regions Bank,Financial Services - Banks & Credit Unions
Fifth Third Bank,Financial Services - Banks & Credit Unions
M&T Bank,Financial Services - Banks & Credit Unions
